<?xml version="1.0" encoding="UTF-8"?>
<section name="Workbench">
	<list key="EGit.KnownHosts">
		<item value="git.eclipse.org"/>
		<item value="github.com"/>
		<item value="bitbucket.org"/>
	</list>
	<list key="CommitDialog.authorValues">
		<item value="skymin022 &lt;wlqtk44@gmail.com&gt;"/>
	</list>
	<list key="CommitDialog.committerValues">
		<item value="skymin022 &lt;wlqtk44@gmail.com&gt;"/>
	</list>
	<list key="RepositorySelectionPage.UsedUris">
		<item value="https://github.com/skymin022/test01.git"/>
		<item value="https://github.com/skymin022/Spring.git"/>
	</list>
	<section name="org.eclipse.egit.ui.internal.staging.StagingView">
		<item key="MAIN_SASH_FORM_ORIENTATION_VERTICAL" value="false"/>
		<item key="HORIZONTAL_SASH_FORM_WEIGHT" value="500,500"/>
		<item key="STAGING_SASH_FORM_WEIGHT" value="500,500"/>
		<item key="sortItemState" value="false"/>
	</section>
	<section name="GitCommitMessageComponent">
	</section>
	<section name="org.eclipse.egit.ui.internal.push.PushResultDialog.dialogBounds">
		<item key="DIALOG_X_ORIGIN" value="418"/>
		<item key="DIALOG_Y_ORIGIN" value="223"/>
		<item key="DIALOG_WIDTH" value="666"/>
		<item key="DIALOG_HEIGHT" value="458"/>
		<item key="DIALOG_FONT_NAME" value="1|맑은 고딕|9.0|0|WINDOWS|1|-12|0|0|0|400|0|0|0|1|0|0|0|0|맑은 고딕"/>
		<list key="sashWeights">
			<item value="600"/>
			<item value="400"/>
		</list>
	</section>
</section>
