<?xml version="1.0" encoding="UTF-8" standalone="no"?>
<qualifiedTypeNameHistroy>
    <fullyQualifiedTypeName name="com.aloha.spring.dto.Board"/>
    <fullyQualifiedTypeName name="javax.websocket.server.ServerEndpoint"/>
    <fullyQualifiedTypeName name="org.springframework.context.annotation.Configuration"/>
    <fullyQualifiedTypeName name="org.springframework.context.annotation.Bean"/>
    <fullyQualifiedTypeName name="com.aloha.spring.service.MyService"/>
    <fullyQualifiedTypeName name="org.springframework.stereotype.Repository"/>
    <fullyQualifiedTypeName name="org.springframework.stereotype.Service"/>
    <fullyQualifiedTypeName name="com.aloha.spring.service.BoardServiceImpl"/>
    <fullyQualifiedTypeName name="org.springframework.context.annotation.EnableAspectJAutoProxy"/>
    <fullyQualifiedTypeName name="org.springframework.stereotype.Component"/>
    <fullyQualifiedTypeName name="org.aspectj.lang.annotation.Aspect"/>
    <fullyQualifiedTypeName name="com.aloha.spring.aop.LoggingAsoect"/>
    <fullyQualifiedTypeName name="java.util.Arrays"/>
    <fullyQualifiedTypeName name="com.aloha.spring.service.BoardService"/>
    <fullyQualifiedTypeName name="org.aspectj.lang.Signature"/>
    <fullyQualifiedTypeName name="org.aspectj.lang.annotation.After"/>
    <fullyQualifiedTypeName name="org.aspectj.lang.annotation.Around"/>
    <fullyQualifiedTypeName name="java.lang.Throwable"/>
    <fullyQualifiedTypeName name="java.time.LocalDateTime"/>
    <fullyQualifiedTypeName name="org.aspectj.lang.annotation.AfterReturning"/>
    <fullyQualifiedTypeName name="org.aspectj.lang.annotation.AfterThrowing"/>
    <fullyQualifiedTypeName name="java.lang.Exception"/>
    <fullyQualifiedTypeName name="com.aloha.spring.Controller.RequestController"/>
    <fullyQualifiedTypeName name="org.springframework.web.bind.annotation.PathVariable"/>
    <fullyQualifiedTypeName name="org.springframework.validation.BindingResult"/>
    <fullyQualifiedTypeName name="org.springframework.web.bind.annotation.RequestParam"/>
    <fullyQualifiedTypeName name="org.springframework.web.bind.annotation.RequestMethod"/>
    <fullyQualifiedTypeName name="org.springframework.stereotype.Controller"/>
    <fullyQualifiedTypeName name="org.slf4j.LoggerFactory"/>
    <fullyQualifiedTypeName name="com.aloha.spring.Controller.ResponseController"/>
    <fullyQualifiedTypeName name="org.slf4j.Logger"/>
    <fullyQualifiedTypeName name="org.springframework.web.servlet.ModelAndView"/>
    <fullyQualifiedTypeName name="org.springframework.web.bind.annotation.ResponseBody"/>
    <fullyQualifiedTypeName name="com.fasterxml.jackson.databind.ObjectMapper"/>
    <fullyQualifiedTypeName name="org.springframework.http.HttpHeaders"/>
    <fullyQualifiedTypeName name="org.springframework.http.MediaType"/>
    <fullyQualifiedTypeName name="org.apache.tomcat.util.http.fileupload.IOUtils"/>
    <fullyQualifiedTypeName name="org.apache.commons.io.IOUtils"/>
    <fullyQualifiedTypeName name="java.util.List"/>
    <fullyQualifiedTypeName name="lombok.Data"/>
    <fullyQualifiedTypeName name="java.util.Date"/>
    <fullyQualifiedTypeName name="com.aloha.spring.dto.User"/>
    <fullyQualifiedTypeName name="org.springframework.beans.factory.annotation.Autowired"/>
    <fullyQualifiedTypeName name="org.springframework.beans.factory.annotation.Qualifier"/>
    <fullyQualifiedTypeName name="java.io.File"/>
    <fullyQualifiedTypeName name="org.springframework.web.multipart.MultipartFile"/>
    <fullyQualifiedTypeName name="org.springframework.web.bind.annotation.RequestAttribute"/>
    <fullyQualifiedTypeName name="org.springframework.web.bind.annotation.RequestMapping"/>
</qualifiedTypeNameHistroy>
