<?xml version="1.0" encoding="UTF-8"?>
<section name="Workbench">
	<section name="org.eclipse.jst.jsp.ui.internal.preferences.ui.JSPTemplatePreferencePage$JSPEditTemplateDialog_dialogBounds">
		<item key="DIALOG_X_ORIGIN" value="-398"/>
		<item key="DIALOG_Y_ORIGIN" value="-145"/>
		<item key="DIALOG_WIDTH" value="610"/>
		<item key="DIALOG_HEIGHT" value="685"/>
		<item key="DIALOG_FONT_NAME" value="1|맑은 고딕|9.0|0|WINDOWS|1|-12|0|0|0|400|0|0|0|1|0|0|0|0|맑은 고딕"/>
	</section>
	<section name="org.eclipse.ui.texteditor.FindReplaceDialog">
		<item key="wrap" value="true"/>
		<item key="casesensitive" value="false"/>
		<item key="wholeword" value="false"/>
		<item key="incremental" value="false"/>
		<item key="isRegEx" value="false"/>
		<list key="findhistory">
		</list>
		<list key="replacehistory">
		</list>
	</section>
	<section name="org.eclipse.ui.texteditor.FindReplaceDialog_dialogBounds">
		<item key="DIALOG_X_ORIGIN" value="393"/>
		<item key="DIALOG_Y_ORIGIN" value="263"/>
		<item key="DIALOG_WIDTH" value="288"/>
		<item key="DIALOG_HEIGHT" value="391"/>
		<item key="DIALOG_FONT_NAME" value="1|맑은 고딕|9.0|0|WINDOWS|1|-12|0|0|0|400|0|0|0|1|0|0|0|0|맑은 고딕"/>
	</section>
	<section name="org.eclipse.ui.texteditor.GotoLineAction$GotoLineDialog_dialogBounds">
		<item key="DIALOG_X_ORIGIN" value="293"/>
		<item key="DIALOG_Y_ORIGIN" value="391"/>
	</section>
</section>
