<?xml version="1.0" encoding="UTF-8" standalone="no"?>
<modules>
  <module moduleId="org.eclipse.jst.jee.server:spring-di" serverId="Tomcat v9.0 Server at localhost"/>
  <module moduleId="org.eclipse.jst.jee.server:spring-mvc" serverId="Tomcat v9.0 Server at localhost"/>
  <module moduleId="org.eclipse.jst.jee.server:spring-di4" serverId="Tomcat v9.0 Server at localhost"/>
  <module moduleId="org.eclipse.jst.jee.server:spring-di2" serverId="Tomcat v9.0 Server at localhost"/>
  <module moduleId="org.eclipse.jst.jee.server:spring-di3" serverId="Tomcat v9.0 Server at localhost"/>
  <module moduleId="org.eclipse.jst.jee.server:sample" serverId="Tomcat v9.0 Server at localhost"/>
  <module moduleId="org.eclipse.jst.jee.server:demo" serverId="Tomcat v9.0 Server at localhost"/>
  <module moduleId="org.eclipse.jst.jee.server:spring-aop" serverId="Tomcat v9.0 Server at localhost"/>
</modules>
